time_s,mode,run,laps,losses,event,section,cell,base_gas,target_gas,speed_px_s,x,y,area
7.063,WAIT_START,0,0,0,,left_curve,"1,2",30,0,0.0,106,192,837.5
7.094,WAIT_START,0,0,0,,left_curve,"1,2",30,0,0.0,106,192,838.5
7.266,WAIT_START,0,0,0,,left_curve,"1,2",30,0,8.0,108,192,827.5
7.453,WAIT_START,0,0,0,,left_curve,"1,2",30,0,10.6,107,192,827.5
7.656,WAIT_START,0,0,0,,left_curve,"1,2",30,0,0.0,108,192,815.5
7.844,WAIT_START,0,0,0,,left_curve,"1,2",30,0,15.2,107,193,821.5
8.047,WAIT_START,0,0,0,,left_curve,"1,2",30,0,11.3,108,192,821.0
8.25,WAIT_START,0,0,0,,left_curve,"1,2",30,0,0.0,108,192,822.0
8.36,WAIT_START,0,0,0,,left_curve,"1,2",30,0,0.0,108,192,790.5
8.547,WAIT_START,0,0,0,,left_curve,"1,2",30,0,0.0,108,192,811.0
8.641,WAIT_START,0,0,0,,left_curve,"1,2",30,0,0.0,108,192,811.5
8.766,WAIT_START,0,0,0,,left_curve,"1,2",30,0,0.0,108,192,810.0
8.953,WAIT_START,0,0,0,,left_curve,"1,2",30,0,0.0,108,192,793.5
9.156,WAIT_START,0,0,0,,left_curve,"1,2",30,0,0.0,108,192,815.0
9.344,WAIT_START,0,0,0,,left_curve,"1,2",30,0,0.0,108,192,804.0
9.563,WAIT_START,0,0,0,,left_curve,"1,2",30,0,13.0,108,192,813.0
9.75,WAIT_START,0,0,0,,left_curve,"1,2",30,0,0.0,108,192,813.0
10.406,WAIT_START,0,0,0,,left_curve,"1,2",30,0,0.0,108,192,811.5
10.547,WAIT_START,0,0,0,,left_curve,"1,2",30,0,0.0,108,192,791.5
10.656,WAIT_START,0,0,0,,left_curve,"1,2",30,0,0.0,108,192,804.0
10.844,WAIT_START,0,0,0,,left_curve,"1,2",30,0,10.6,108,192,811.0
11.063,WAIT_START,0,0,0,,left_curve,"1,2",30,0,0.0,108,192,807.5
11.25,WAIT_START,0,0,0,,left_curve,"1,2",30,0,0.0,108,192,793.5
11.453,WAIT_START,0,0,0,,left_curve,"1,2",30,0,0.0,108,192,811.0
11.641,WAIT_START,0,0,0,,left_curve,"1,2",30,0,0.0,108,192,809.0
11.86,WAIT_START,0,0,0,,left_curve,"1,2",30,0,0.0,108,192,796.5
12.047,WAIT_START,0,0,0,,left_curve,"1,2",30,0,13.0,108,192,801.0
12.156,WAIT_START,0,0,0,,left_curve,"1,2",30,0,0.0,108,192,800.0
12.36,WAIT_START,0,0,0,,left_curve,"1,2",30,0,0.0,108,192,813.0
12.563,WAIT_START,0,0,0,,left_curve,"1,2",30,0,0.0,108,192,798.0
15.188,WAIT_START,0,0,0,,left_curve,"1,2",30,0,0.4,108,193,804.0
15.36,WAIT_START,0,0,0,,left_curve,"1,2",30,0,9.1,108,192,808.5
15.563,WAIT_START,0,0,0,,left_curve,"1,2",30,0,10.6,108,192,800.0
15.672,WAIT_START,0,0,0,,left_curve,"1,2",30,0,0.0,108,192,799.0
15.86,WAIT_START,0,0,0,,left_curve,"1,2",30,0,10.6,108,193,809.0
16.063,WAIT_START,0,0,0,,left_curve,"1,2",30,0,8.0,108,193,797.0
16.266,WAIT_START,0,0,0,,left_curve,"1,2",30,0,10.6,107,192,809.5
16.375,WAIT_START,0,0,0,,left_curve,"1,2",30,0,9.1,108,192,799.5
16.563,WAIT_START,0,0,0,,left_curve,"1,2",30,0,10.6,108,193,805.0
16.656,WAIT_START,0,0,0,,left_curve,"1,2",30,0,0.0,108,193,800.0
16.766,WAIT_START,0,0,0,,left_curve,"1,2",30,0,9.1,107,193,798.5
16.969,WAIT_START,0,0,0,,left_curve,"1,2",30,0,10.8,108,192,801.5
17.172,WAIT_START,0,0,0,,left_curve,"1,2",30,0,9.2,108,193,807.0
17.36,WAIT_START,0,0,0,,left_curve,"1,2",30,0,9.1,108,192,812.5
17.563,WAIT_START,0,0,0,,left_curve,"1,2",30,0,0.0,108,192,793.0
17.766,WAIT_START,0,0,0,,left_curve,"1,2",30,0,0.0,108,192,803.5
17.969,WAIT_START,0,0,0,,left_curve,"1,2",30,0,9.2,108,193,797.0
18.063,WAIT_START,0,0,0,,left_curve,"1,2",30,0,9.1,108,192,808.0
18.281,WAIT_START,0,0,0,,left_curve,"1,2",30,0,0.0,108,192,801.0
18.469,WAIT_START,0,0,0,,left_curve,"1,2",30,0,0.0,108,192,801.0
18.672,WAIT_START,0,0,0,,left_curve,"1,2",30,0,0.0,108,192,786.5
18.766,WAIT_START,0,0,0,,left_curve,"1,2",30,0,0.0,108,192,805.0
18.969,WAIT_START,0,0,0,,left_curve,"1,2",30,0,10.8,108,193,792.0
19.078,WAIT_START,0,0,0,,left_curve,"1,2",30,0,9.1,108,192,793.5
26.531,WAIT_START,0,0,0,,left_curve,"1,2",30,0,0.0,108,192,799.0
26.688,WAIT_START,0,0,0,,left_curve,"1,2",30,0,66.8,109,191,541.5
26.781,WAIT_START,0,0,0,,left_curve,"1,2",30,0,257.0,93,214,234.5
27.0,WAIT_START,0,0,0,,not_found,,30,0,0.0,,,
27.094,WAIT_START,0,0,0,,not_found,,30,0,0.0,,,
27.203,WAIT_START,0,0,0,,not_found,,30,0,0.0,,,
27.391,WAIT_START,0,0,0,,not_found,,30,0,0.0,,,
27.5,WAIT_START,0,0,0,,not_found,,30,0,0.0,,,
27.688,WAIT_START,0,0,0,,not_found,,30,0,0.0,,,
27.891,WAIT_START,0,0,0,,not_found,,30,0,0.0,,,
28.078,WAIT_START,0,0,0,,not_found,,30,0,0.0,,,
28.188,WAIT_START,0,0,0,,not_found,,30,0,0.0,,,
28.391,WAIT_START,0,0,0,,not_found,,30,0,0.0,,,
28.485,WAIT_START,0,0,0,,not_found,,30,0,0.0,,,
28.688,WAIT_START,0,0,0,,not_found,,30,0,0.0,,,
28.875,WAIT_START,0,0,0,,not_found,,30,0,0.0,,,
29.0,WAIT_START,0,0,0,,not_found,,30,0,0.0,,,
29.188,WAIT_START,0,0,0,,not_found,,30,0,0.0,,,
29.297,WAIT_START,0,0,0,,not_found,,30,0,0.0,,,
29.406,WAIT_START,0,0,0,,not_found,,30,0,0.0,,,
29.594,WAIT_START,0,0,0,,not_found,,30,0,0.0,,,
29.797,WAIT_START,0,0,0,,not_found,,30,0,0.0,,,
29.891,WAIT_START,0,0,0,,not_found,,30,0,0.0,,,
30.11,WAIT_START,0,0,0,,not_found,,30,0,0.0,,,
30.281,WAIT_START,0,0,0,,not_found,,30,0,0.0,,,
30.5,WAIT_START,0,0,0,,not_found,,30,0,0.0,,,
30.688,WAIT_START,0,0,0,,not_found,,30,0,0.0,,,
30.891,WAIT_START,0,0,0,,not_found,,30,0,0.0,,,
31.094,WAIT_START,0,0,0,,start_finish,"7,5",30,0,325.1,565,430,295.0
31.297,WAIT_START,0,0,0,,start_finish,"7,5",30,0,58.0,565,412,243.0
31.391,WAIT_START,0,0,0,,start_finish,"7,5",30,0,28.7,566,409,248.0
31.578,WAIT_START,0,0,0,,start_finish,"7,5",30,0,10.8,566,408,267.5
31.688,WAIT_START,0,0,0,,start_finish,"7,5",30,0,18.2,564,408,241.0
31.891,WAIT_START,0,0,0,,start_finish,"7,5",30,0,31.9,561,408,147.0
31.985,WAIT_START,0,0,0,,start_finish,"7,5",30,0,191.1,582,407,869.5
32.094,WAIT_START,0,0,0,,start_finish,"7,5",30,0,0.0,582,407,850.0
32.297,WAIT_START,0,0,0,,start_finish,"7,5",30,0,0.0,582,407,860.5
32.406,WAIT_START,0,0,0,,start_finish,"7,5",30,0,0.0,582,407,855.5
32.594,WAIT_START,0,0,0,,start_finish,"7,5",30,0,0.0,582,407,853.5
32.688,WAIT_START,0,0,0,,start_finish,"7,5",30,0,0.0,582,407,855.0
32.797,WAIT_START,0,0,0,,start_finish,"7,5",30,0,0.0,582,407,873.0
32.985,WAIT_START,0,0,0,,start_finish,"7,5",30,0,0.0,582,407,867.5
33.203,WAIT_START,0,0,0,,start_finish,"7,5",30,0,0.0,582,407,852.0
33.391,WAIT_START,0,0,0,,start_finish,"7,5",30,0,0.0,582,407,851.0
33.594,WAIT_START,0,0,0,,start_finish,"7,5",30,0,0.0,582,407,855.5
33.797,WAIT_START,0,0,0,,start_finish,"7,5",30,0,0.0,582,407,848.5
34.0,WAIT_START,0,0,0,,start_finish,"7,5",30,0,0.0,582,407,848.0
34.094,WAIT_START,0,0,0,,start_finish,"7,5",30,0,0.0,582,407,841.5
34.313,WAIT_START,0,0,0,,start_finish,"7,5",30,0,0.0,582,407,833.0
34.5,WAIT_START,0,0,0,,start_finish,"7,5",30,0,0.0,582,407,831.5
34.703,WAIT_START,0,0,0,,start_finish,"7,5",30,0,0.0,582,407,837.5
34.797,WAIT_START,0,0,0,,start_finish,"7,5",30,0,0.0,582,407,839.0
34.985,WAIT_START,0,0,0,,start_finish,"7,5",30,0,0.0,582,407,811.5
35.11,WAIT_START,0,0,0,,start_finish,"7,5",30,0,0.0,582,407,832.5
35.297,WAIT_START,0,0,0,,start_finish,"7,5",30,0,0.0,582,407,831.0
35.391,WAIT_START,0,0,0,,start_finish,"7,5",30,0,0.0,582,407,822.5
35.5,WAIT_START,0,0,0,,start_finish,"7,5",30,0,0.0,582,407,835.5
35.688,WAIT_START,0,0,0,,start_finish,"7,5",30,0,0.0,582,407,832.5
35.906,WAIT_START,0,0,0,,start_finish,"7,5",30,0,0.0,582,407,842.0
36.094,WAIT_START,0,0,0,,start_finish,"7,5",30,0,0.0,582,407,825.0
36.203,WAIT_START,0,0,0,,start_finish,"7,5",30,0,0.0,582,407,829.5
36.406,WAIT_START,0,0,0,,start_finish,"7,5",30,0,0.0,582,407,835.5
36.61,WAIT_START,0,0,0,,start_finish,"7,5",30,0,0.0,582,407,838.5
36.703,WAIT_START,0,0,0,,start_finish,"7,5",30,0,0.0,582,407,839.0
36.891,WAIT_START,0,0,0,,start_finish,"7,5",30,0,0.0,582,407,838.5
37.0,WAIT_START,0,0,0,,start_finish,"7,5",30,0,0.0,582,407,841.0
37.203,WAIT_START,0,0,0,,start_finish,"7,5",30,0,0.0,582,407,839.0
37.406,WAIT_START,0,0,0,,start_finish,"7,5",30,0,0.0,582,407,835.5
37.61,WAIT_START,0,0,0,,start_finish,"7,5",30,0,0.0,582,407,834.5
37.813,WAIT_START,0,0,0,,start_finish,"7,5",30,0,0.0,582,407,831.0
38.0,WAIT_START,0,0,0,,start_finish,"7,5",30,0,0.0,582,407,849.0
38.094,WAIT_START,0,0,0,,start_finish,"7,5",30,0,0.0,582,407,838.5
38.203,WAIT_START,0,0,0,,start_finish,"7,5",30,0,0.0,582,407,839.0
38.406,WAIT_START,0,0,0,,start_finish,"7,5",30,0,0.0,582,407,834.5
38.516,WAIT_START,0,0,0,,start_finish,"7,5",30,0,0.0,582,407,839.0
38.703,WAIT_START,0,0,0,,start_finish,"7,5",30,0,0.0,582,407,852.0
38.906,WAIT_START,0,0,0,,start_finish,"7,5",30,0,0.0,582,407,827.5
39.094,WAIT_START,0,0,0,,start_finish,"7,5",30,0,0.0,582,407,828.0
39.313,WAIT_START,0,0,0,,start_finish,"7,5",30,0,0.0,582,407,847.5
39.406,WAIT_START,0,0,0,,start_finish,"7,5",30,0,0.0,582,407,835.5
39.594,WAIT_START,0,0,0,,start_finish,"7,5",30,0,0.0,582,407,848.5
39.703,WAIT_START,0,0,0,,start_finish,"7,5",30,0,0.0,582,407,834.5
39.906,WAIT_START,0,0,0,,start_finish,"7,5",30,0,0.0,582,407,838.5
40.11,WAIT_START,0,0,0,,start_finish,"7,5",30,0,0.0,582,407,838.0
40.297,WAIT_START,0,0,0,,start_finish,"7,5",30,0,0.0,582,407,826.5
40.406,WAIT_START,0,0,0,,start_finish,"7,5",30,0,0.0,582,407,848.0
40.61,WAIT_START,0,0,0,,start_finish,"7,5",30,0,0.0,582,407,847.0
40.703,WAIT_START,0,0,0,,start_finish,"7,5",30,0,0.0,582,407,849.0
40.813,WAIT_START,0,0,0,,start_finish,"7,5",30,0,9.1,583,407,833.5
41.016,WAIT_START,0,0,0,,start_finish,"7,5",30,0,0.0,582,407,831.0
41.219,WAIT_START,0,0,0,,start_finish,"7,5",30,0,0.0,582,407,842.5
41.406,WAIT_START,0,0,0,,start_finish,"7,5",30,0,0.0,582,407,837.0
41.625,WAIT_START,0,0,0,,start_finish,"7,5",30,0,0.0,582,407,838.5
41.813,WAIT_START,0,0,0,,start_finish,"7,5",30,0,0.0,582,407,843.0
41.922,WAIT_START,0,0,0,,start_finish,"7,5",30,0,0.0,582,407,834.5
42.11,WAIT_START,0,0,0,,start_finish,"7,5",30,0,0.0,582,407,836.5
42.328,WAIT_START,0,0,0,,start_finish,"7,5",30,0,9.1,583,407,849.0
42.516,WAIT_START,0,0,0,,start_finish,"7,5",30,0,0.0,582,407,837.0
42.61,WAIT_START,0,0,0,,start_finish,"7,5",30,0,0.0,582,407,844.0
42.719,WAIT_START,0,0,0,,start_finish,"7,5",30,0,0.0,582,407,843.0
42.922,WAIT_START,0,0,0,,start_finish,"7,5",30,0,0.0,582,407,843.0
43.125,WAIT_START,0,0,0,,start_finish,"7,5",30,0,0.0,582,407,836.0
43.313,WAIT_START,0,0,0,,start_finish,"7,5",30,0,0.0,582,407,844.0
43.531,WAIT_START,0,0,0,,start_finish,"7,5",30,0,0.0,582,407,842.0
43.719,WAIT_START,0,0,0,,start_finish,"7,5",30,0,0.0,582,407,848.5
43.922,WAIT_START,0,0,0,,start_finish,"7,5",30,0,0.0,582,407,847.0
44.016,WAIT_START,0,0,0,,start_finish,"7,5",30,0,0.0,582,407,836.0
44.219,WAIT_START,0,0,0,,start_finish,"7,5",30,0,0.0,582,407,845.0
44.422,WAIT_START,0,0,0,,start_finish,"7,5",30,0,0.0,582,407,861.0
44.625,WAIT_START,0,0,0,,start_finish,"7,5",30,0,0.0,582,407,849.5
44.813,WAIT_START,0,0,0,,start_finish,"7,5",30,0,0.0,582,407,847.5
45.031,WAIT_START,0,0,0,,start_finish,"7,5",30,0,0.0,582,407,827.0
45.219,WAIT_START,0,0,0,,start_finish,"7,5",30,0,0.0,582,407,816.5
45.313,WAIT_START,0,0,0,,start_finish,"7,5",30,0,0.0,582,407,808.5
45.422,WAIT_START,0,0,0,,start_finish,"7,5",30,0,0.0,582,407,821.5
45.625,WAIT_START,0,0,0,,start_finish,"7,5",30,0,0.0,582,407,814.5
45.828,WAIT_START,0,0,0,,start_finish,"7,5",30,0,0.0,582,407,822.0
46.016,WAIT_START,0,0,0,,start_finish,"7,5",30,0,0.0,582,407,827.5
46.125,WAIT_START,0,0,0,,start_finish,"7,5",30,0,0.0,582,407,822.5
46.328,WAIT_START,0,0,0,,start_finish,"7,5",30,0,0.0,582,407,826.5
46.531,WAIT_START,0,0,0,,start_finish,"7,5",30,0,0.0,582,407,814.5
46.719,WAIT_START,0,0,0,,start_finish,"7,5",30,0,0.0,582,407,825.5
46.938,WAIT_START,0,0,0,,start_finish,"7,5",30,0,0.0,582,407,831.0
47.125,WAIT_START,0,0,0,,start_finish,"7,5",30,0,0.0,582,407,815.5
47.328,WAIT_START,0,0,0,,start_finish,"7,5",30,0,0.0,582,407,832.5
47.516,WAIT_START,0,0,0,,start_finish,"7,5",30,0,10.6,583,407,808.5
47.735,WAIT_START,0,0,0,,start_finish,"7,5",30,0,0.0,582,407,825.5
47.922,WAIT_START,0,0,0,,start_finish,"7,5",30,0,10.8,582,407,833.0
48.031,WAIT_START,0,0,0,,start_finish,"7,5",30,0,0.0,582,407,835.0
48.235,WAIT_START,0,0,0,,start_finish,"7,5",30,0,0.0,582,407,861.5
48.438,WAIT_START,0,0,0,,start_finish,"7,5",30,0,0.0,582,407,851.5
48.625,WAIT_START,0,0,0,,start_finish,"7,5",30,0,0.0,582,407,862.0
48.828,WAIT_START,0,0,0,,start_finish,"7,5",30,0,0.0,582,407,848.5
49.031,WAIT_START,0,0,0,,start_finish,"7,5",30,0,0.0,582,407,862.5
49.235,WAIT_START,0,0,0,,start_finish,"7,5",30,0,0.0,582,407,865.5
49.328,WAIT_START,0,0,0,,start_finish,"7,5",30,0,0.0,582,407,866.5
49.516,WAIT_START,0,0,0,,start_finish,"7,5",30,0,10.6,583,407,869.5
49.641,WAIT_START,0,0,0,,start_finish,"7,5",30,0,9.2,582,407,860.5
49.828,WAIT_START,0,0,0,,start_finish,"7,5",30,0,0.0,582,407,855.0
50.031,WAIT_START,0,0,0,,start_finish,"7,5",30,0,8.0,583,407,848.0
50.219,WAIT_START,0,0,0,,start_finish,"7,5",30,0,0.0,582,407,856.5
50.344,WAIT_START,0,0,0,,start_finish,"7,5",30,0,0.0,582,407,841.5
50.531,WAIT_START,0,0,0,,start_finish,"7,5",30,0,10.6,582,407,841.0
50.625,WAIT_START,0,0,0,,start_finish,"7,5",30,0,0.0,582,407,848.5
50.735,WAIT_START,0,0,0,,start_finish,"7,5",30,0,0.0,582,407,845.5
50.938,WAIT_START,0,0,0,,start_finish,"7,5",30,0,10.6,582,407,851.0
51.141,WAIT_START,0,0,0,,start_finish,"7,5",30,0,9.2,582,407,829.5
51.328,WAIT_START,0,0,0,,start_finish,"7,5",30,0,9.2,583,407,843.0
51.531,WAIT_START,0,0,0,,start_finish,"7,5",30,0,0.0,582,407,829.0
51.735,WAIT_START,0,0,0,,start_finish,"7,5",30,0,10.6,582,407,824.0
51.938,WAIT_START,0,0,0,,start_finish,"7,5",30,0,0.0,582,407,844.5
52.031,WAIT_START,0,0,0,,start_finish,"7,5",30,0,9.2,583,407,836.0
52.25,WAIT_START,0,0,0,,start_finish,"7,5",30,0,0.0,582,407,833.0
52.438,WAIT_START,0,0,0,,start_finish,"7,5",30,0,0.0,582,407,833.0
52.641,WAIT_START,0,0,0,,start_finish,"7,5",30,0,0.0,582,407,832.0
52.828,WAIT_START,0,0,0,,start_finish,"7,5",30,0,0.0,582,407,828.5
53.047,WAIT_START,0,0,0,,start_finish,"7,5",30,0,9.2,582,407,829.0
53.235,WAIT_START,0,0,0,,start_finish,"7,5",30,0,10.6,583,407,840.5
53.438,WAIT_START,0,0,0,,start_finish,"7,5",30,0,0.0,582,407,821.5
53.625,WAIT_START,0,0,0,,start_finish,"7,5",30,0,0.0,583,407,840.0
53.844,WAIT_START,0,0,0,,start_finish,"7,5",30,0,9.2,583,407,820.0
54.031,WAIT_START,0,0,0,,start_finish,"7,5",30,0,9.2,582,407,821.0
54.141,WAIT_START,0,0,0,,start_finish,"7,5",30,0,0.0,582,407,821.5
54.344,WAIT_START,0,0,0,,start_finish,"7,5",30,0,10.8,583,407,831.0
54.547,WAIT_START,0,0,0,,start_finish,"7,5",30,0,0.0,583,407,822.0
54.641,WAIT_START,0,0,0,,start_finish,"7,5",30,0,9.1,582,407,819.5
54.828,WAIT_START,0,0,0,,start_finish,"7,5",30,0,0.0,582,407,816.0
54.938,WAIT_START,0,0,0,,start_finish,"7,5",30,0,9.1,583,407,834.0
55.141,WAIT_START,0,0,0,,start_finish,"7,5",30,0,0.0,582,407,825.0
55.344,WAIT_START,0,0,0,,start_finish,"7,5",30,0,0.0,583,407,830.5
55.438,WAIT_START,0,0,0,,start_finish,"7,5",30,0,9.1,582,407,818.0
55.641,WAIT_START,0,0,0,,start_finish,"7,5",30,0,0.0,582,407,821.5
55.75,WAIT_START,0,0,0,,start_finish,"7,5",30,0,9.1,583,407,818.0
55.938,WAIT_START,0,0,0,,start_finish,"7,5",30,0,9.1,583,407,837.0
56.141,WAIT_START,0,0,0,,start_finish,"7,5",30,0,0.0,582,407,809.5
56.344,WAIT_START,0,0,0,,start_finish,"7,5",30,0,0.0,582,407,811.5
56.453,WAIT_START,0,0,0,,start_finish,"7,5",30,0,0.0,582,407,823.0
56.641,WAIT_START,0,0,0,,start_finish,"7,5",30,0,9.1,582,407,822.5
56.844,WAIT_START,0,0,0,,start_finish,"7,5",30,0,9.2,582,407,829.0
57.047,WAIT_START,0,0,0,,start_finish,"7,5",30,0,0.0,582,407,816.5
57.25,WAIT_START,0,0,0,,start_finish,"7,5",30,0,9.1,583,407,821.0
57.344,WAIT_START,0,0,0,,start_finish,"7,5",30,0,0.0,583,407,830.5
57.531,WAIT_START,0,0,0,,start_finish,"7,5",30,0,10.8,583,407,831.5
57.656,WAIT_START,0,0,0,,start_finish,"7,5",30,0,9.1,582,407,824.5
57.844,WAIT_START,0,0,0,,start_finish,"7,5",30,0,10.8,583,407,826.5
57.938,WAIT_START,0,0,0,,start_finish,"7,5",30,0,9.1,582,407,817.5
58.047,WAIT_START,0,0,0,,start_finish,"7,5",30,0,0.0,582,407,826.0
58.235,WAIT_START,0,0,0,,start_finish,"7,5",30,0,10.6,582,407,821.5
58.36,WAIT_START,0,0,0,,start_finish,"7,5",30,0,0.0,582,407,821.0
58.547,WAIT_START,0,0,0,,start_finish,"7,5",30,0,0.0,582,407,820.5
58.75,WAIT_START,0,0,0,,start_finish,"7,5",30,0,9.2,582,407,819.0
58.953,WAIT_START,0,0,0,,start_finish,"7,5",30,0,0.0,582,407,820.0
59.156,WAIT_START,0,0,0,,start_finish,"7,5",30,0,9.1,582,407,824.0
59.344,WAIT_START,0,0,0,,start_finish,"7,5",30,0,0.0,582,407,820.0
59.547,WAIT_START,0,0,0,,start_finish,"7,5",30,0,0.0,582,407,809.5
59.75,WAIT_START,0,0,0,,start_finish,"7,5",30,0,0.0,582,407,818.0
59.953,WAIT_START,0,0,0,,start_finish,"7,5",30,0,8.0,582,407,824.0
60.141,WAIT_START,0,0,0,,start_finish,"7,5",30,0,10.6,582,407,820.0
60.266,WAIT_START,0,0,0,,start_finish,"7,5",30,0,0.0,582,407,815.0
60.453,WAIT_START,0,0,0,,start_finish,"7,5",30,0,0.0,582,407,832.0
60.656,WAIT_START,0,0,0,,start_finish,"7,5",30,0,9.1,582,407,821.5
60.75,WAIT_START,0,0,0,,start_finish,"7,5",30,0,0.0,582,407,819.0
60.953,WAIT_START,0,0,0,,start_finish,"7,5",30,0,0.0,582,407,813.5
61.063,WAIT_START,0,0,0,,start_finish,"7,5",30,0,0.0,582,407,813.5
61.25,WAIT_START,0,0,0,,start_finish,"7,5",30,0,0.0,582,407,824.5
61.344,WAIT_START,0,0,0,,start_finish,"7,5",30,0,0.0,582,407,819.0
61.453,WAIT_START,0,0,0,,start_finish,"7,5",30,0,0.0,582,407,827.0
61.656,WAIT_START,0,0,0,,start_finish,"7,5",30,0,0.0,582,407,805.5
61.86,WAIT_START,0,0,0,,start_finish,"7,5",30,0,0.0,582,407,820.0
61.953,WAIT_START,0,0,0,,start_finish,"7,5",30,0,0.0,582,407,827.0
62.156,WAIT_START,0,0,0,,start_finish,"7,5",30,0,0.0,582,407,817.0
62.36,WAIT_START,0,0,0,,start_finish,"7,5",30,0,0.0,582,407,824.0
62.563,WAIT_START,0,0,0,,start_finish,"7,5",30,0,9.2,583,407,816.0
62.766,WAIT_START,0,0,0,,start_finish,"7,5",30,0,0.0,582,407,814.5
62.969,WAIT_START,0,0,0,,start_finish,"7,5",30,0,0.0,582,407,822.0
63.156,WAIT_START,0,0,0,,start_finish,"7,5",30,0,0.0,582,407,812.0
63.36,WAIT_START,0,0,0,,start_finish,"7,5",30,0,0.0,582,407,813.0
63.563,WAIT_START,0,0,0,,start_finish,"7,5",30,0,0.0,582,407,826.0
63.766,WAIT_START,0,0,0,,start_finish,"7,5",30,0,0.0,582,407,816.5
63.953,WAIT_START,0,0,0,,start_finish,"7,5",30,0,9.2,582,407,822.5
64.063,WAIT_START,0,0,0,,start_finish,"7,5",30,0,0.0,582,407,822.0
64.266,WAIT_START,0,0,0,,start_finish,"7,5",30,0,0.0,582,407,819.0
64.469,WAIT_START,0,0,0,,start_finish,"7,5",30,0,0.0,582,407,814.5
64.656,WAIT_START,0,0,0,,start_finish,"7,5",30,0,0.0,582,407,826.0
64.766,WAIT_START,0,0,0,,start_finish,"7,5",30,0,0.0,582,407,814.5
64.86,WAIT_START,0,0,0,,start_finish,"7,5",30,0,0.0,582,407,812.0
65.063,WAIT_START,0,0,0,,start_finish,"7,5",30,0,0.0,582,407,818.5
65.266,WAIT_START,0,0,0,,start_finish,"7,5",30,0,9.2,583,407,829.0
65.36,WAIT_START,0,0,0,,start_finish,"7,5",30,0,0.0,583,407,825.0
65.563,WAIT_START,0,0,0,,start_finish,"7,5",30,0,149.3,567,406,841.0
65.672,WAIT_START,0,0,0,,start_finish,"6,5",30,0,284.4,536,406,824.5
65.86,WAIT_START,0,0,0,,bottom_straight,"5,5",30,0,500.1,448,405,882.5
65.969,WAIT_START,0,0,0,,bottom_straight,"4,5",30,0,408.1,397,404,861.5
66.156,WAIT_START,0,0,0,,bottom_straight,"3,5",30,0,570.0,292,401,892.5
66.375,WAIT_START,0,0,0,,bottom_straight,"2,5",30,0,300.0,209,400,837.0
66.563,WAIT_START,0,0,0,,left_curve,"2,4",30,0,53.2,186,399,840.0
66.656,WAIT_START,0,0,0,,left_curve,"2,4",30,0,0.0,186,399,823.0
66.766,WAIT_START,0,0,0,,left_curve,"2,4",30,0,0.0,186,399,844.0
66.969,WAIT_START,0,0,0,,left_curve,"2,4",30,0,0.0,186,399,846.5
67.172,WAIT_START,0,0,0,,left_curve,"2,4",30,0,0.0,186,399,838.5
67.266,WAIT_START,0,0,0,,left_curve,"2,4",30,0,0.0,186,399,842.5
67.453,WAIT_START,0,0,0,,left_curve,"2,4",30,0,10.8,186,399,834.0
67.578,WAIT_START,0,0,0,,left_curve,"2,4",30,0,9.1,187,399,841.0
67.766,WAIT_START,0,0,0,,left_curve,"2,4",30,0,10.6,186,399,835.0
67.969,WAIT_START,0,0,0,,left_curve,"2,4",30,0,0.0,187,399,829.5
68.156,WAIT_START,0,0,0,,left_curve,"2,4",30,0,10.8,187,399,845.0
68.281,WAIT_START,0,0,0,,left_curve,"2,4",30,0,9.1,186,399,820.0
68.469,WAIT_START,0,0,0,,left_curve,"2,4",30,0,10.8,186,399,835.0
68.672,WAIT_START,0,0,0,,left_curve,"2,4",30,0,8.0,187,399,833.0
68.875,WAIT_START,0,0,0,,left_curve,"2,4",30,0,10.6,186,399,834.0
69.078,WAIT_START,0,0,0,,left_curve,"2,4",30,0,0.0,186,399,837.0
69.266,WAIT_START,0,0,0,,left_curve,"2,4",30,0,10.6,186,399,829.0
69.36,WAIT_START,0,0,0,,left_curve,"2,4",30,0,0.0,186,399,846.0
69.469,WAIT_START,0,0,0,,left_curve,"2,4",30,0,0.0,186,399,836.0
69.672,WAIT_START,0,0,0,,left_curve,"2,4",30,0,10.8,187,399,837.5
69.875,WAIT_START,0,0,0,,left_curve,"2,4",30,0,0.0,186,399,826.0
70.063,WAIT_START,0,0,0,,left_curve,"2,4",30,0,0.0,186,399,834.5
70.172,WAIT_START,0,0,0,,left_curve,"2,4",30,0,0.0,186,399,834.0
70.375,WAIT_START,0,0,0,,left_curve,"2,4",30,0,0.0,186,399,826.5
70.578,WAIT_START,0,0,0,,left_curve,"2,4",30,0,64.3,173,398,828.5
70.672,WAIT_START,0,0,0,,left_curve,"2,4",30,0,83.1,164,397,827.0
70.86,WAIT_START,0,0,0,,left_curve,"1,4",30,0,191.8,133,389,796.5
70.969,WAIT_START,0,0,0,,left_curve,"1,4",30,0,184.6,115,380,807.5
71.172,WAIT_START,0,0,0,,left_curve,"1,4",30,0,282.2,80,347,746.5
71.375,WAIT_START,0,0,0,,left_curve,"0,4",30,0,16.0,72,330,759.5
71.563,WAIT_START,0,0,0,,left_curve,"0,4",30,0,0.0,72,330,761.0
71.781,WAIT_START,0,0,0,,left_curve,"0,4",30,0,0.0,72,330,759.0
71.969,WAIT_START,0,0,0,,left_curve,"0,4",30,0,0.0,72,330,755.5
72.078,WAIT_START,0,0,0,,left_curve,"0,4",30,0,0.0,72,330,769.5
72.281,WAIT_START,0,0,0,,left_curve,"0,4",30,0,0.0,72,330,771.0
72.485,WAIT_START,0,0,0,,left_curve,"0,4",30,0,0.0,72,330,755.0
72.672,WAIT_START,0,0,0,,left_curve,"0,4",30,0,0.0,72,330,768.0
72.875,WAIT_START,0,0,0,,left_curve,"0,4",30,0,9.2,72,330,766.5
73.078,WAIT_START,0,0,0,,left_curve,"0,4",30,0,0.0,72,330,765.5
73.281,WAIT_START,0,0,0,,left_curve,"0,4",30,0,0.0,72,330,760.0
73.469,WAIT_START,0,0,0,,left_curve,"0,4",30,0,0.0,72,330,763.5
73.688,WAIT_START,0,0,0,,left_curve,"0,4",30,0,9.2,72,330,767.0
73.875,WAIT_START,0,0,0,,left_curve,"0,4",30,0,0.0,72,330,755.5
73.969,WAIT_START,0,0,0,,left_curve,"0,4",30,0,0.0,72,330,761.0
74.078,WAIT_START,0,0,0,,left_curve,"0,4",30,0,0.0,72,330,754.0
74.266,WAIT_START,0,0,0,,left_curve,"0,4",30,0,0.0,72,330,756.0
74.391,WAIT_START,0,0,0,,left_curve,"0,4",30,0,0.0,72,330,763.0
74.578,WAIT_START,0,0,0,,left_curve,"0,4",30,0,0.0,72,330,765.5
74.672,WAIT_START,0,0,0,,left_curve,"0,4",30,0,0.0,72,330,763.0
74.781,WAIT_START,0,0,0,,left_curve,"0,4",30,0,0.0,72,330,763.0
74.985,WAIT_START,0,0,0,,left_curve,"0,4",30,0,10.6,72,330,764.0
75.188,WAIT_START,0,0,0,,left_curve,"0,4",30,0,0.0,72,330,762.5
75.375,WAIT_START,0,0,0,,left_curve,"0,4",30,0,0.0,72,330,758.0
75.578,WAIT_START,0,0,0,,left_curve,"0,4",30,0,0.0,71,330,775.0
75.781,WAIT_START,0,0,0,,left_curve,"0,4",30,0,0.0,72,330,773.5
75.985,WAIT_START,0,0,0,,left_curve,"0,4",30,0,49.4,69,324,754.5
76.078,WAIT_START,0,0,0,,left_curve,"0,3",30,0,66.8,67,317,752.0
76.281,WAIT_START,0,0,0,,left_curve,"0,3",30,0,37.8,64,305,765.5
76.485,WAIT_START,0,0,0,,left_curve,"0,3",30,0,0.0,64,305,761.5
76.578,WAIT_START,0,0,0,,left_curve,"0,3",30,0,9.2,64,304,768.0
76.688,WAIT_START,0,0,0,,left_curve,"0,3",30,0,0.0,64,304,773.0
76.891,WAIT_START,0,0,0,,left_curve,"0,3",30,0,10.6,64,305,775.0
77.094,WAIT_START,0,0,0,,left_curve,"0,3",30,0,0.0,64,304,779.0
77.281,WAIT_START,0,0,0,,left_curve,"0,3",30,0,0.0,64,305,771.0
77.485,WAIT_START,0,0,0,,left_curve,"0,3",30,0,0.0,64,304,770.5
77.688,WAIT_START,0,0,0,,left_curve,"0,3",30,0,10.6,64,304,777.5
77.797,WAIT_START,0,0,0,,left_curve,"0,3",30,0,9.2,64,305,770.0
77.985,WAIT_START,0,0,0,,left_curve,"0,3",30,0,0.0,64,305,769.0
78.188,WAIT_START,0,0,0,,left_curve,"0,3",30,0,0.0,64,305,755.0
78.391,WAIT_START,0,0,0,,left_curve,"0,3",30,0,0.0,64,305,768.0
78.594,WAIT_START,0,0,0,,left_curve,"0,3",30,0,0.0,64,305,769.0
78.688,WAIT_START,0,0,0,,left_curve,"0,3",30,0,9.1,64,304,770.5
78.875,WAIT_START,0,0,0,,left_curve,"0,3",30,0,0.0,64,305,770.0
79.0,WAIT_START,0,0,0,,left_curve,"0,3",30,0,0.0,64,305,762.0
79.188,WAIT_START,0,0,0,,left_curve,"0,3",30,0,10.6,64,304,781.0
79.281,WAIT_START,0,0,0,,left_curve,"0,3",30,0,0.0,64,304,770.0
79.391,WAIT_START,0,0,0,,left_curve,"0,3",30,0,9.1,64,305,770.0
79.594,WAIT_START,0,0,0,,left_curve,"0,3",30,0,0.0,64,305,773.0
79.797,WAIT_START,0,0,0,,left_curve,"0,3",30,0,0.0,64,305,759.0
79.985,WAIT_START,0,0,0,,left_curve,"0,3",30,0,0.0,64,305,765.0
80.094,WAIT_START,0,0,0,,left_curve,"0,3",30,0,9.2,64,304,775.0
80.297,WAIT_START,0,0,0,,left_curve,"0,3",30,0,10.8,64,304,776.0
80.5,WAIT_START,0,0,0,,left_curve,"0,3",30,0,9.1,64,304,772.0
80.688,WAIT_START,0,0,0,,left_curve,"0,3",30,0,9.1,64,304,763.5
80.891,WAIT_START,0,0,0,,left_curve,"0,3",30,0,0.0,64,305,771.0
81.094,WAIT_START,0,0,0,,left_curve,"0,3",30,0,0.0,64,305,772.0
81.297,WAIT_START,0,0,0,,left_curve,"0,3",30,0,0.0,64,305,767.0
81.391,WAIT_START,0,0,0,,left_curve,"0,3",30,0,0.0,64,305,762.5
81.578,WAIT_START,0,0,0,,left_curve,"0,3",30,0,10.8,64,305,754.5
81.703,WAIT_START,0,0,0,,left_curve,"0,3",30,0,0.0,64,305,767.0
81.891,WAIT_START,0,0,0,,left_curve,"0,3",30,0,10.6,64,304,768.0
82.0,WAIT_START,0,0,0,,left_curve,"0,3",30,0,9.1,64,305,769.0
82.11,WAIT_START,0,0,0,,left_curve,"0,3",30,0,9.2,64,304,777.5
82.297,WAIT_START,0,0,0,,left_curve,"0,3",30,0,0.0,64,305,775.0
82.406,WAIT_START,0,0,0,,left_curve,"0,3",30,0,9.1,64,304,772.0
82.594,WAIT_START,0,0,0,,left_curve,"0,3",30,0,0.0,64,305,769.5
82.797,WAIT_START,0,0,0,,left_curve,"0,3",30,0,8.0,64,305,778.0
82.985,WAIT_START,0,0,0,,left_curve,"0,3",30,0,0.0,64,304,779.0
83.203,WAIT_START,0,0,0,,left_curve,"0,3",30,0,9.1,64,304,784.5
83.391,WAIT_START,0,0,0,,left_curve,"0,3",30,0,10.6,64,305,770.5
83.485,WAIT_START,0,0,0,,left_curve,"0,3",30,0,0.0,64,305,767.0
83.61,WAIT_START,0,0,0,,left_curve,"0,3",30,0,0.0,64,305,774.0
83.797,WAIT_START,0,0,0,,left_curve,"0,3",30,0,0.0,64,304,767.0
83.906,WAIT_START,0,0,0,,left_curve,"0,3",30,0,9.1,64,305,765.0
84.094,WAIT_START,0,0,0,,left_curve,"0,3",30,0,0.0,64,305,766.0
84.297,WAIT_START,0,0,0,,left_curve,"0,3",30,0,0.0,64,305,777.5
84.5,WAIT_START,0,0,0,,left_curve,"0,3",30,0,0.0,64,305,768.0
84.703,WAIT_START,0,0,0,,left_curve,"0,3",30,0,0.0,64,305,771.0
84.891,WAIT_START,0,0,0,,left_curve,"0,3",30,0,0.0,64,304,772.5
85.11,WAIT_START,0,0,0,,left_curve,"0,3",30,0,0.0,64,305,756.0
85.297,WAIT_START,0,0,0,,left_curve,"0,3",30,0,0.0,64,305,763.5
85.391,WAIT_START,0,0,0,,left_curve,"0,3",30,0,0.0,64,305,774.0
85.5,WAIT_START,0,0,0,,left_curve,"0,3",30,0,0.0,64,305,773.5
85.688,WAIT_START,0,0,0,,left_curve,"0,3",30,0,0.0,64,305,760.5
85.906,WAIT_START,0,0,0,,left_curve,"0,3",30,0,0.0,64,305,774.5
86.094,WAIT_START,0,0,0,,left_curve,"0,3",30,0,9.2,64,305,761.0
86.203,WAIT_START,0,0,0,,left_curve,"0,3",30,0,0.0,64,305,773.0
86.391,WAIT_START,0,0,0,,left_curve,"0,3",30,0,0.0,64,305,762.5
86.61,WAIT_START,0,0,0,,left_curve,"0,3",30,0,9.2,64,304,764.5
86.797,WAIT_START,0,0,0,,left_curve,"0,3",30,0,9.2,64,304,775.0
87.0,WAIT_START,0,0,0,,left_curve,"0,3",30,0,9.2,64,305,772.5
87.203,WAIT_START,0,0,0,,left_curve,"0,3",30,0,0.0,64,305,762.0
87.406,WAIT_START,0,0,0,,left_curve,"0,3",30,0,0.0,64,305,765.5
87.5,WAIT_START,0,0,0,,left_curve,"0,3",30,0,0.0,64,305,773.5
87.703,WAIT_START,0,0,0,,left_curve,"0,3",30,0,10.6,64,305,774.0
87.813,WAIT_START,0,0,0,,left_curve,"0,3",30,0,0.0,64,305,781.5
88.0,WAIT_START,0,0,0,,left_curve,"0,3",30,0,0.0,64,305,765.5
88.11,WAIT_START,0,0,0,,left_curve,"0,3",30,0,0.0,64,305,769.5
88.313,WAIT_START,0,0,0,,left_curve,"0,3",30,0,10.6,64,305,759.0
88.516,WAIT_START,0,0,0,,left_curve,"0,3",30,0,9.2,64,304,769.0
88.703,WAIT_START,0,0,0,,left_curve,"0,3",30,0,0.0,64,305,760.0
88.906,WAIT_START,0,0,0,,left_curve,"0,3",30,0,9.2,64,305,772.5
89.11,WAIT_START,0,0,0,,left_curve,"0,3",30,0,10.6,64,305,769.5
89.313,WAIT_START,0,0,0,,left_curve,"0,3",30,0,0.0,64,305,779.0
89.406,WAIT_START,0,0,0,,left_curve,"0,3",30,0,9.2,64,304,768.5
89.594,WAIT_START,0,0,0,,left_curve,"0,3",30,0,10.6,64,304,781.5
89.719,WAIT_START,0,0,0,,left_curve,"0,3",30,0,9.2,64,305,760.0
89.906,WAIT_START,0,0,0,,left_curve,"0,3",30,0,13.0,65,305,782.0
90.11,WAIT_START,0,0,0,,left_curve,"0,3",30,0,9.1,64,305,774.0
90.297,WAIT_START,0,0,0,,left_curve,"0,3",30,0,0.0,64,305,769.0
90.406,WAIT_START,0,0,0,,left_curve,"0,3",30,0,9.2,64,304,767.0
90.61,WAIT_START,0,0,0,,left_curve,"0,3",30,0,0.0,64,305,761.0
90.703,WAIT_START,0,0,0,,left_curve,"0,3",30,0,0.0,64,305,760.0
90.813,WAIT_START,0,0,0,,left_curve,"0,3",30,0,0.0,64,305,769.0
91.016,WAIT_START,0,0,0,,left_curve,"0,3",30,0,0.0,64,305,756.5
91.219,WAIT_START,0,0,0,,left_curve,"0,3",30,0,0.0,64,305,774.0
91.406,WAIT_START,0,0,0,,left_curve,"0,3",30,0,0.0,64,305,766.0
91.625,WAIT_START,0,0,0,,left_curve,"0,3",30,0,9.1,64,304,767.5
91.813,WAIT_START,0,0,0,,left_curve,"0,3",30,0,0.0,64,305,757.0
91.922,WAIT_START,0,0,0,,left_curve,"0,3",30,0,9.2,64,304,768.5
92.11,WAIT_START,0,0,0,,left_curve,"0,3",30,0,0.0,64,305,760.5
92.313,WAIT_START,0,0,0,,left_curve,"0,3",30,0,0.0,64,305,760.0
92.516,WAIT_START,0,0,0,,left_curve,"0,3",30,0,0.0,64,305,748.0
92.719,WAIT_START,0,0,0,,left_curve,"0,3",30,0,0.0,64,305,764.0
92.813,WAIT_START,0,0,0,,left_curve,"0,3",30,0,0.0,64,305,753.0
93.016,WAIT_START,0,0,0,,left_curve,"0,3",30,0,10.6,64,304,768.0
93.125,WAIT_START,0,0,0,,left_curve,"0,3",30,0,0.0,64,304,774.5
93.313,WAIT_START,0,0,0,,left_curve,"0,3",30,0,0.0,64,305,763.5
93.516,WAIT_START,0,0,0,,left_curve,"0,3",30,0,0.0,64,305,759.0
93.703,WAIT_START,0,0,0,,left_curve,"0,3",30,0,0.0,64,305,743.5
93.922,WAIT_START,0,0,0,,left_curve,"0,3",30,0,0.0,64,305,759.5
94.11,WAIT_START,0,0,0,,left_curve,"0,3",30,0,0.0,64,305,754.0
94.219,WAIT_START,0,0,0,,left_curve,"0,3",30,0,9.2,65,305,759.5
94.406,WAIT_START,0,0,0,,left_curve,"0,3",30,0,10.8,64,304,777.5
94.625,WAIT_START,0,0,0,,left_curve,"0,3",30,0,9.1,64,304,775.5
94.813,WAIT_START,0,0,0,,left_curve,"0,3",30,0,9.1,64,304,763.0
95.016,WAIT_START,0,0,0,,left_curve,"0,3",30,0,9.1,64,304,770.0
95.219,WAIT_START,0,0,0,,left_curve,"0,3",30,0,0.0,64,305,767.0
95.422,WAIT_START,0,0,0,,left_curve,"0,3",30,0,8.0,64,305,755.0
95.61,WAIT_START,0,0,0,,left_curve,"0,3",30,0,0.0,64,305,747.5
95.828,WAIT_START,0,0,0,,left_curve,"0,3",30,0,0.0,64,305,774.0
96.016,WAIT_START,0,0,0,,left_curve,"0,3",30,0,0.0,64,305,759.5
96.125,WAIT_START,0,0,0,,left_curve,"0,3",30,0,0.0,64,305,762.0
96.313,WAIT_START,0,0,0,,left_curve,"0,3",30,0,10.6,64,304,757.0
96.531,WAIT_START,0,0,0,,left_curve,"0,3",30,0,12.9,64,304,771.0
96.719,WAIT_START,0,0,0,,left_curve,"0,3",30,0,0.0,64,305,764.5
96.813,WAIT_START,0,0,0,,left_curve,"0,3",30,0,0.0,64,305,760.5
96.922,WAIT_START,0,0,0,,left_curve,"0,3",30,0,0.0,64,305,761.5
97.125,WAIT_START,0,0,0,,left_curve,"0,3",30,0,10.6,64,304,771.5
97.328,WAIT_START,0,0,0,,left_curve,"0,3",30,0,9.1,64,304,762.0
97.422,WAIT_START,0,0,0,,left_curve,"0,3",30,0,9.2,64,305,767.5
97.61,WAIT_START,0,0,0,,left_curve,"0,3",30,0,10.6,64,305,768.0
97.735,WAIT_START,0,0,0,,left_curve,"0,3",30,0,0.0,64,305,775.0
97.922,WAIT_START,0,0,0,,left_curve,"0,3",30,0,10.8,64,305,772.0
98.031,WAIT_START,0,0,0,,left_curve,"0,3",30,0,0.0,64,305,766.5
98.125,WAIT_START,0,0,0,,left_curve,"0,3",30,0,9.2,65,305,769.0
98.313,WAIT_START,0,0,0,,left_curve,"0,3",30,0,0.0,64,305,750.0
98.438,WAIT_START,0,0,0,,left_curve,"0,3",30,0,0.0,64,305,778.5
98.625,WAIT_START,0,0,0,,left_curve,"0,3",30,0,0.0,64,305,762.5
98.719,WAIT_START,0,0,0,,left_curve,"0,3",30,0,0.0,64,305,753.0
98.828,WAIT_START,0,0,0,,left_curve,"0,3",30,0,0.0,64,305,774.5
99.016,WAIT_START,0,0,0,,left_curve,"0,3",30,0,0.0,64,305,776.5
99.235,WAIT_START,0,0,0,,left_curve,"0,3",30,0,9.2,65,305,765.0
99.328,WAIT_START,0,0,0,,left_curve,"0,3",30,0,0.0,65,305,760.5
99.516,WAIT_START,0,0,0,,left_curve,"0,3",30,0,0.0,64,305,767.5
99.641,WAIT_START,0,0,0,,left_curve,"0,3",30,0,9.2,64,304,773.0
99.828,WAIT_START,0,0,0,,left_curve,"0,3",30,0,0.0,64,305,767.0
99.938,WAIT_START,0,0,0,,left_curve,"0,3",30,0,9.2,64,304,774.5
100.031,WAIT_START,0,0,0,,left_curve,"0,3",30,0,0.0,64,304,773.0
100.219,WAIT_START,0,0,0,,left_curve,"0,3",30,0,10.6,65,305,760.5
100.344,WAIT_START,0,0,0,,left_curve,"0,3",30,0,13.0,64,304,767.0
100.531,WAIT_START,0,0,0,,left_curve,"0,3",30,0,0.0,64,304,768.0
100.735,WAIT_START,0,0,0,,left_curve,"0,3",30,0,0.0,64,304,771.0
100.828,WAIT_START,0,0,0,,left_curve,"0,3",30,0,9.2,64,305,770.0
101.031,WAIT_START,0,0,0,,left_curve,"0,3",30,0,0.0,64,305,767.0
101.141,WAIT_START,0,0,0,,left_curve,"0,3",30,0,0.0,64,305,769.0
101.328,WAIT_START,0,0,0,,left_curve,"0,3",30,0,0.0,64,305,766.5
101.422,WAIT_START,0,0,0,,left_curve,"0,3",30,0,0.0,64,305,767.0
101.531,WAIT_START,0,0,0,,left_curve,"0,3",30,0,0.0,64,305,763.5
101.719,WAIT_START,0,0,0,,left_curve,"0,3",30,0,15.0,64,304,765.0
101.844,WAIT_START,0,0,0,,left_curve,"0,3",30,0,9.2,64,305,774.5
102.031,WAIT_START,0,0,0,,left_curve,"0,3",30,0,0.0,64,305,771.0
102.25,WAIT_START,0,0,0,,left_curve,"0,3",30,0,0.0,64,305,761.0
102.438,WAIT_START,0,0,0,,left_curve,"0,3",30,0,0.0,64,305,761.0
102.641,WAIT_START,0,0,0,,left_curve,"0,3",30,0,9.2,64,305,772.5
106.703,RUNNING,1,0,0,,left_curve,"0,3",30,30,0.0,65,305,719.0
106.844,RUNNING,1,0,0,,left_curve,"0,3",30,30,0.0,65,305,750.0
107.078,RUNNING,1,0,0,,left_curve,"0,3",30,10,133.0,61,292,753.5
107.25,RUNNING,1,0,0,,left_curve,"1,2",30,10,508.2,87,210,726.0
107.469,RUNNING,1,0,0,,s_curve,"2,2",30,12,612.4,215,167,972.0
107.672,RUNNING,1,0,0,,s_curve,"3,2",30,25,301.0,279,217,919.5
107.844,RUNNING,1,0,0,,s_curve,"3,2",30,25,38.8,286,233,858.0
107.953,RUNNING,1,0,0,,s_curve,"3,2",30,25,8.0,287,233,843.5
108.141,RUNNING,1,0,0,,s_curve,"3,2",30,25,0.0,287,233,851.5
108.344,RUNNING,1,0,0,,s_curve,"3,2",30,25,0.0,287,233,851.5
108.547,RUNNING,1,0,0,,s_curve,"3,2",30,25,0.0,287,233,855.0
108.641,RUNNING,1,0,0,,s_curve,"3,2",30,25,0.0,287,233,851.5
108.781,RUNNING,1,0,0,Stall-Boost temporaer: 30% -> 35%,s_curve,"3,2",30,35,0.0,287,233,853.0
108.938,RUNNING,1,0,0,,s_curve,"3,2",30,25,0.0,287,233,858.5
109.156,RUNNING,1,0,0,,s_curve,"3,2",30,25,9.1,287,233,847.5
109.344,RUNNING,1,0,0,,s_curve,"3,2",30,25,0.0,287,233,845.0
109.547,RUNNING,1,0,0,,s_curve,"3,2",30,25,0.0,287,233,854.5
109.766,RUNNING,1,0,0,,s_curve,"3,2",30,35,0.0,287,233,852.5
110.0,LOST,1,0,1,"Kurven-Loss: 1 Kurvenzellen, 9 Zellen langsamer",s_curve,"3,2",30,0,10.8,287,234,845.0
110.016,LOST,1,0,1,,s_curve,"3,2",30,0,5.3,287,233,846.0
110.141,LOST,1,0,1,,s_curve,"3,2",30,0,0.0,287,233,848.5
110.25,LOST,1,0,1,,s_curve,"3,2",30,0,9.2,287,234,861.0
110.453,LOST,1,0,1,,s_curve,"3,2",30,0,10.6,287,233,846.0
110.656,LOST,1,0,1,,s_curve,"3,2",30,0,9.1,287,234,848.5
110.75,LOST,1,0,1,,s_curve,"3,2",30,0,9.2,287,233,854.5
110.938,LOST,1,0,1,,s_curve,"3,2",30,0,0.0,287,234,845.5
111.047,LOST,1,0,1,,s_curve,"3,2",30,0,0.0,287,234,845.0
111.25,LOST,1,0,1,,s_curve,"3,2",30,0,0.0,287,234,850.5
111.344,LOST,1,0,1,,s_curve,"3,2",30,0,9.2,287,233,845.0
111.453,LOST,1,0,1,,s_curve,"3,2",30,0,9.2,287,234,832.0
111.641,LOST,1,0,1,,s_curve,"3,2",30,0,0.0,287,234,854.0
111.86,LOST,1,0,1,,s_curve,"3,2",30,0,9.2,287,234,850.5
112.047,LOST,1,0,1,,s_curve,"3,2",30,0,0.0,287,234,842.0
112.172,LOST,1,0,1,,s_curve,"3,2",30,0,0.0,287,234,849.0
112.36,LOST,1,0,1,,s_curve,"3,2",30,0,0.0,287,233,843.0
112.563,LOST,1,0,1,,s_curve,"3,2",30,0,0.0,287,234,846.5
112.656,LOST,1,0,1,,s_curve,"3,2",30,0,0.0,287,234,839.5
112.86,LOST,1,0,1,,s_curve,"3,2",30,0,0.0,287,233,847.0
112.969,LOST,1,0,1,,s_curve,"3,2",30,0,9.2,287,234,849.5
113.156,LOST,1,0,1,,s_curve,"3,2",30,0,0.0,287,234,841.5
113.36,LOST,1,0,1,,s_curve,"3,2",30,0,8.0,287,234,830.5
113.563,LOST,1,0,1,,s_curve,"3,2",30,0,10.6,287,234,844.0
113.766,LOST,1,0,1,,s_curve,"3,2",30,0,9.2,287,233,832.5
113.953,LOST,1,0,1,,s_curve,"3,2",30,0,0.0,287,233,840.5
114.063,LOST,1,0,1,,s_curve,"3,2",30,0,8.0,287,234,835.0
114.266,LOST,1,0,1,,s_curve,"3,2",30,0,0.0,287,234,824.5
114.469,LOST,1,0,1,,s_curve,"3,2",30,0,9.2,287,235,785.5
114.656,LOST,1,0,1,,s_curve,"3,3",30,0,30.1,290,241,561.5
114.75,LOST,1,0,1,,s_curve,"3,3",30,0,9.2,290,242,522.5
114.86,LOST,1,0,1,,s_curve,"3,3",30,0,12.9,289,241,570.0
115.063,LOST,1,0,1,,s_curve,"3,3",30,0,33.6,291,245,561.0
115.266,LOST,1,0,1,,s_curve,"4,3",30,0,394.9,343,247,442.5
115.36,LOST,1,0,1,,s_curve,"5,2",30,0,574.1,405,235,316.0
115.547,LOST,1,0,1,,top_straight,"6,2",30,0,562.6,518,208,409.5
115.656,LOST,1,0,1,,top_straight,"6,2",30,0,362.9,555,194,422.5
115.86,LOST,1,0,1,,top_straight,"7,2",30,0,204.4,593,171,437.5
115.969,LOST,1,0,1,,top_straight,"7,1",30,0,171.2,606,154,374.0
116.156,LOST,1,0,1,,top_straight,"7,1",30,0,161.6,613,120,335.5
116.36,LOST,1,0,1,,top_straight,"7,1",30,0,55.3,614,105,336.5
116.563,LOST,1,0,1,,not_found,,30,0,0.0,,,
116.656,LOST,1,0,1,,not_found,,30,0,0.0,,,
116.766,LOST,1,0,1,,not_found,,30,0,0.0,,,
116.953,LOST,1,0,1,,not_found,,30,0,0.0,,,
117.172,LOST,1,0,1,,not_found,,30,0,0.0,,,
117.36,LOST,1,0,1,,top_straight,"8,1",30,0,97.9,647,110,288.0
117.563,LOST,1,0,1,,top_straight,"8,1",30,0,46.4,644,123,345.5
117.75,LOST,1,0,1,,top_straight,"8,1",30,0,31.9,646,129,385.5
117.875,LOST,1,0,1,,top_straight,"8,1",30,0,0.0,646,129,407.0
118.063,LOST,1,0,1,,top_straight,"8,1",30,0,0.0,645,129,422.0
118.156,LOST,1,0,1,,top_straight,"8,1",30,0,20.5,643,128,413.5
118.266,LOST,1,0,1,,top_straight,"8,1",30,0,9.1,643,127,418.0
118.469,LOST,1,0,1,,top_straight,"8,1",30,0,15.2,645,124,403.5
118.672,LOST,1,0,1,,top_straight,"8,1",30,0,55.8,643,130,415.0
118.766,LOST,1,0,1,,top_straight,"8,1",30,0,37.5,642,134,399.5
118.953,LOST,1,0,1,,top_straight,"8,1",30,0,0.0,641,138,420.5
119.063,LOST,1,0,1,,top_straight,"8,1",30,0,9.1,640,138,429.0
119.266,LOST,1,0,1,,top_straight,"8,1",30,0,0.0,640,138,430.5
119.469,LOST,1,0,1,,top_straight,"7,1",30,0,17.9,638,139,514.5
119.656,LOST,1,0,1,,top_straight,"7,1",30,0,44.3,628,139,866.5
119.781,LOST,1,0,1,,top_straight,"7,1",30,0,0.0,628,139,864.5
119.969,LOST,1,0,1,,top_straight,"7,1",30,0,10.8,628,140,859.0
120.063,LOST,1,0,1,,top_straight,"7,1",30,0,0.0,628,140,857.0
120.172,LOST,1,0,1,,top_straight,"7,1",30,0,9.2,628,139,857.0
120.375,LOST,1,0,1,,top_straight,"7,1",30,0,0.0,628,139,864.0
120.578,LOST,1,0,1,,top_straight,"7,1",30,0,0.0,628,140,859.5
120.766,LOST,1,0,1,,top_straight,"7,1",30,0,0.0,628,140,860.5
120.985,LOST,1,0,1,,top_straight,"7,1",30,0,0.0,628,140,859.5
121.172,LOST,1,0,1,,top_straight,"7,1",30,0,0.0,628,140,860.0
121.375,LOST,1,0,1,,top_straight,"7,1",30,0,0.0,628,140,861.0
121.578,LOST,1,0,1,,top_straight,"7,1",30,0,0.0,628,140,861.0
121.781,LOST,1,0,1,,top_straight,"7,1",30,0,0.0,628,140,857.0
121.969,LOST,1,0,1,,top_straight,"7,1",30,0,0.0,628,140,862.5
122.078,LOST,1,0,1,,top_straight,"7,1",30,0,0.0,628,140,865.0
122.266,LOST,1,0,1,,top_straight,"7,1",30,0,0.0,628,140,866.0
122.485,LOST,1,0,1,,top_straight,"7,1",30,0,0.0,628,140,862.0
122.578,LOST,1,0,1,,top_straight,"7,1",30,0,0.0,628,140,861.5
122.766,LOST,1,0,1,,top_straight,"7,1",30,0,0.0,628,140,857.5
122.875,LOST,1,0,1,,top_straight,"7,1",30,0,0.0,628,140,865.5
123.078,LOST,1,0,1,,top_straight,"7,1",30,0,0.0,628,140,861.0
127.141,RUNNING,2,0,1,,top_straight,"7,1",30,30,0.0,628,140,865.5
127.297,RUNNING,2,0,1,,top_straight,"7,1",30,30,0.0,628,140,867.0
127.5,RUNNING,2,0,1,,top_straight,"7,1",30,30,54.5,634,140,863.5
127.672,RUNNING,2,0,1,,top_straight,"9,1",30,30,723.4,734,140,891.0
127.813,RUNNING,2,0,1,,top_straight,"10,1",30,30,1000.0,843,140,956.5
127.985,RUNNING,2,0,1,,right_curve,"14,1",30,30,1804.0,1153,155,847.5
128.11,RUNNING,2,0,1,,right_curve,"15,3",30,10,1449.6,1247,282,864.0
128.188,RUNNING,2,0,1,,right_curve,"14,5",30,10,1342.1,1192,419,767.5
128.406,RUNNING,2,0,1,,bottom_straight,"12,6",30,22,970.4,1001,481,834.0
129.594,LOST,2,0,2,"Kurven-Loss: 4 Kurvenzellen, 47 Zellen langsamer",not_found,,30,0,0.0,,,
130.61,LOST,2,0,2,,not_found,,30,0,0.0,,,
131.641,LOST,2,0,2,,not_found,,30,0,0.0,,,
132.656,LOST,2,0,2,,not_found,,30,0,0.0,,,
133.688,LOST,2,0,2,,not_found,,30,0,0.0,,,
