time_s,x,y,speed_px_s,section,distance_px
0.641,897,469,0.0,bottom_straight,0.0
0.719,806,467,1166.9,bottom_straight,91.0
0.813,720,467,914.9,bottom_straight,177.0
0.938,630,467,720.0,bottom_straight,267.0
1.031,540,465,968.0,start_finish,357.0
1.141,448,462,836.8,bottom_straight,449.1
1.235,357,460,968.3,bottom_straight,540.1
1.344,266,458,835.1,bottom_straight,631.1
1.453,175,455,835.3,left_curve,722.2
1.531,94,431,1083.1,left_curve,806.7
1.656,42,380,582.7,left_curve,879.5
1.75,28,316,697.0,left_curve,945.0
1.844,28,252,680.9,left_curve,1009.0
1.938,59,198,662.4,left_curve,1071.3
2.047,105,160,547.4,left_curve,1130.9
2.141,167,160,659.6,left_curve,1192.9
2.25,227,160,550.5,s_curve,1252.9
2.328,280,198,836.1,s_curve,1318.2
2.438,321,248,587.8,s_curve,1382.8
2.531,376,277,668.6,s_curve,1445.0
2.625,435,277,627.7,s_curve,1504.0
2.735,481,247,499.3,s_curve,1558.9
2.844,518,204,520.4,top_straight,1615.6
2.953,566,170,539.6,top_straight,1674.5
3.031,620,156,715.2,top_straight,1730.3
3.141,681,154,554.8,top_straight,1791.3
3.25,750,154,633.0,top_straight,1860.3
3.344,822,154,766.0,top_straight,1932.3
3.438,894,164,773.3,top_straight,2005.0
3.531,964,178,767.6,top_straight,2076.4
3.641,1034,193,650.8,top_straight,2148.0
3.735,1105,204,764.3,right_curve,2219.8
3.844,1168,235,644.2,right_curve,2290.0
3.953,1194,291,566.4,right_curve,2351.8
4.047,1194,353,659.6,right_curve,2413.8
4.141,1161,401,619.7,right_curve,2472.0
4.235,1111,423,581.1,right_curve,2526.6
4.344,1054,427,524.2,bottom_straight,2583.8
4.453,989,427,596.3,bottom_straight,2648.8
4.531,918,425,910.6,bottom_straight,2719.8
4.641,841,425,700.0,bottom_straight,2796.8
4.75,759,425,752.3,bottom_straight,2878.8
4.844,672,424,925.6,bottom_straight,2965.8
4.938,583,423,946.9,start_finish,3054.8
5.047,493,421,825.9,bottom_straight,3144.8
5.156,402,418,835.3,bottom_straight,3235.9
5.25,312,415,958.0,bottom_straight,3325.9
5.344,222,413,957.7,bottom_straight,3416.0
5.438,137,403,910.5,left_curve,3501.5
5.547,82,360,640.5,left_curve,3571.4
5.641,79,303,607.2,left_curve,3628.4
5.735,79,248,585.1,left_curve,3683.4
5.844,118,206,525.8,left_curve,3740.7
5.938,171,206,563.8,left_curve,3793.7
6.031,224,209,570.8,s_curve,3846.8
6.141,263,248,501.4,s_curve,3902.0
6.266,305,292,486.6,s_curve,3962.8
6.344,361,322,814.5,s_curve,4026.3
6.453,423,322,568.8,s_curve,4088.3
6.547,480,304,635.9,s_curve,4148.1
6.656,525,264,552.4,s_curve,4208.3
6.75,570,220,669.5,top_straight,4271.3
6.844,628,200,652.7,top_straight,4332.6
6.938,691,199,670.3,top_straight,4395.6
7.063,762,199,568.0,top_straight,4466.6
7.156,836,199,795.7,top_straight,4540.6
7.25,908,191,770.7,top_straight,4613.1
7.344,979,178,767.9,top_straight,4685.2
7.453,1053,165,689.3,top_straight,4760.4
7.547,1126,165,776.6,right_curve,4833.4
7.641,1192,193,762.7,right_curve,4905.1
7.766,1235,250,571.2,right_curve,4976.5
7.86,1235,315,691.5,right_curve,5041.5
7.938,1234,380,833.4,right_curve,5106.5
8.047,1192,433,620.4,right_curve,5174.1
8.156,1131,457,601.4,right_curve,5239.7
8.25,1067,471,697.0,right_curve,5305.2
8.344,1003,473,681.2,bottom_straight,5369.2
8.453,944,471,541.6,bottom_straight,5428.2
8.563,862,470,745.5,bottom_straight,5510.2
8.656,768,469,1010.8,bottom_straight,5604.2
8.75,679,468,946.9,bottom_straight,5693.3
8.844,589,467,957.5,start_finish,5783.3
8.953,497,465,844.2,bottom_straight,5875.3
9.047,405,462,979.2,bottom_straight,5967.3
9.156,314,460,835.1,bottom_straight,6058.3
9.25,222,457,979.2,bottom_straight,6150.4
9.36,134,448,804.2,left_curve,6238.9
9.453,65,411,841.9,left_curve,6317.2
9.547,28,350,759.0,left_curve,6388.5
9.672,28,286,512.0,left_curve,6452.5
9.766,42,224,676.2,left_curve,6516.1
9.86,80,175,659.7,left_curve,6578.1
9.938,137,151,792.9,left_curve,6639.9
10.063,199,151,496.0,left_curve,6701.9
10.156,257,178,687.9,s_curve,6765.9
10.25,301,226,692.7,s_curve,6831.0
10.36,350,268,586.7,s_curve,6895.5
10.469,409,268,541.3,s_curve,6954.5
10.563,461,263,555.7,s_curve,7006.8
10.656,499,223,593.3,s_curve,7062.0
10.75,543,184,625.5,top_straight,7120.7
10.86,595,160,520.6,top_straight,7178.0
10.969,653,154,534.9,top_straight,7236.3
11.063,718,154,691.5,top_straight,7301.3
11.156,790,154,774.2,top_straight,7373.3
11.266,862,159,656.1,top_straight,7445.5
11.36,932,173,759.4,top_straight,7516.9
11.453,1001,187,757.1,top_straight,7587.3
11.547,1072,202,772.0,right_curve,7659.9
11.656,1142,218,658.8,right_curve,7731.7
11.766,1190,263,598.1,right_curve,7797.5
11.86,1190,325,659.6,right_curve,7859.5
11.969,1180,380,512.9,right_curve,7915.4
12.063,1135,417,619.8,right_curve,7973.6
12.156,1080,427,601.1,right_curve,8029.5
12.25,1019,427,648.9,bottom_straight,8090.5
12.36,952,427,609.1,bottom_straight,8157.5
12.453,877,425,806.7,bottom_straight,8232.6
12.563,797,424,727.3,bottom_straight,8312.6
12.656,712,424,914.0,bottom_straight,8397.6
12.766,624,423,800.1,bottom_straight,8485.6
12.86,535,422,946.9,start_finish,8574.6
12.969,444,419,835.3,bottom_straight,8665.6
13.047,353,416,1167.3,bottom_straight,8756.7
13.172,265,414,704.2,bottom_straight,8844.7
13.266,175,411,958.0,left_curve,8934.7
13.36,103,383,821.8,left_curve,9012.0
13.453,69,330,677.1,left_curve,9075.0
13.563,69,271,536.4,left_curve,9134.0
13.656,98,222,612.2,left_curve,9190.9
13.75,146,198,570.9,left_curve,9244.6
13.86,200,198,490.9,left_curve,9298.6
13.969,247,229,516.5,s_curve,9354.9
14.063,283,273,604.8,s_curve,9411.7
14.156,334,310,677.5,s_curve,9474.7
14.266,395,317,558.2,s_curve,9536.1
14.36,455,317,638.3,s_curve,9596.1
14.469,506,286,547.5,s_curve,9655.8
14.563,545,239,649.7,top_straight,9716.9
14.672,599,205,585.4,top_straight,9780.7
14.75,659,199,773.1,top_straight,9841.0
14.844,726,199,712.8,top_straight,9908.0
14.938,799,199,776.6,top_straight,9981.0
15.063,871,197,576.2,top_straight,10053.0
15.172,943,184,671.2,top_straight,10126.2
15.266,1015,171,778.3,top_straight,10199.4
15.36,1090,171,797.9,right_curve,10274.4
15.485,1163,176,585.4,right_curve,10347.5
15.578,1218,220,757.4,right_curve,10418.0
15.672,1245,277,671.0,right_curve,10481.0
15.781,1245,351,678.9,right_curve,10555.0
15.875,1214,410,709.0,right_curve,10621.7
15.969,1164,449,674.6,right_curve,10685.1
16.063,1102,468,689.9,right_curve,10749.9
16.172,1048,469,495.5,bottom_straight,10803.9
16.25,972,468,974.4,bottom_straight,10879.9
16.375,896,469,608.1,bottom_straight,10956.0
16.469,810,468,915.0,bottom_straight,11042.0
16.578,725,468,779.8,bottom_straight,11127.0
16.672,635,468,957.4,bottom_straight,11217.0
16.766,545,466,957.7,start_finish,11307.0
16.86,453,464,979.0,bottom_straight,11399.0
16.985,361,461,736.4,bottom_straight,11491.1
17.063,270,458,1167.3,bottom_straight,11582.1
17.172,179,456,835.1,left_curve,11673.1
17.266,98,433,895.8,left_curve,11757.3
17.375,44,383,675.2,left_curve,11830.9
17.485,27,320,593.2,left_curve,11896.2
17.578,27,255,698.9,left_curve,11961.2
17.672,57,200,666.5,left_curve,12023.8
17.781,103,160,559.3,left_curve,12084.8
17.875,164,159,649.0,left_curve,12145.8
17.969,224,159,638.3,s_curve,12205.8
18.094,277,196,517.1,s_curve,12270.4
18.172,319,246,837.2,s_curve,12335.7
18.25,374,278,815.8,s_curve,12399.4
18.344,432,278,617.0,s_curve,12457.4
18.469,478,249,435.0,s_curve,12511.7
18.563,515,206,603.5,top_straight,12568.5
18.672,562,172,532.2,top_straight,12626.5
18.766,615,156,589.0,top_straight,12681.8
18.875,677,154,569.1,top_straight,12743.9
18.985,745,154,618.2,top_straight,12811.9
19.078,817,155,774.3,top_straight,12883.9
19.172,887,163,749.5,top_straight,12954.3
19.266,957,178,761.6,top_straight,13025.9
19.36,1027,193,761.6,top_straight,13097.5
19.453,1097,204,761.9,right_curve,13168.4
19.578,1162,231,563.1,right_curve,13238.8
19.672,1196,283,660.9,right_curve,13300.9
19.766,1196,346,670.2,right_curve,13363.9
19.875,1166,397,542.8,right_curve,13423.1
19.985,1115,423,520.4,right_curve,13480.3
20.078,1057,426,624.5,bottom_straight,13538.4
20.172,994,426,670.2,bottom_straight,13601.4
20.266,923,426,755.3,bottom_straight,13672.4
20.36,845,425,829.9,bottom_straight,13750.4
20.469,763,424,752.3,bottom_straight,13832.4
20.578,677,424,789.0,bottom_straight,13918.4
20.672,587,423,957.5,start_finish,14008.4
20.766,497,421,957.7,bottom_straight,14098.4
20.875,405,418,844.5,bottom_straight,14190.5
20.969,316,416,947.0,bottom_straight,14279.5
21.063,226,413,958.0,bottom_straight,14369.5
21.172,140,404,793.3,left_curve,14456.0
21.266,83,362,753.2,left_curve,14526.8
21.36,77,305,609.7,left_curve,14584.1
21.469,77,249,513.8,left_curve,14640.1
21.563,117,207,617.0,left_curve,14698.1
21.672,171,207,495.4,left_curve,14752.1
21.766,224,209,564.2,s_curve,14805.2
21.875,263,249,512.5,s_curve,14861.0
21.985,306,294,565.8,s_curve,14923.3
22.078,363,322,682.9,s_curve,14986.8
22.188,423,322,545.5,s_curve,15046.8
22.281,481,304,653.0,s_curve,15107.5
22.391,525,263,546.7,s_curve,15167.6
22.485,570,219,669.5,top_straight,15230.6
22.578,626,200,635.9,top_straight,15289.7
22.672,690,199,680.9,top_straight,15353.7
22.766,761,199,755.3,top_straight,15424.7
22.86,835,201,787.5,top_straight,15498.8
22.953,909,202,795.8,top_straight,15572.8
23.063,985,203,691.0,top_straight,15648.8
23.156,1062,203,828.0,right_curve,15725.8
23.266,1135,215,672.5,right_curve,15799.7
23.36,1187,259,724.7,right_curve,15867.9
23.485,1187,321,496.0,right_curve,15929.9
23.578,1181,379,627.0,right_curve,15988.2
23.688,1137,416,522.6,right_curve,16045.7
23.781,1081,427,613.7,right_curve,16102.7
23.875,1019,427,659.6,bottom_straight,16164.7
23.969,951,426,723.5,bottom_straight,16232.7
24.063,877,425,787.3,bottom_straight,16306.7
24.172,797,424,734.0,bottom_straight,16386.8
24.281,712,424,779.8,bottom_straight,16471.8
24.36,624,424,1113.9,bottom_straight,16559.8
24.469,534,422,825.9,start_finish,16649.8
24.578,443,419,835.3,bottom_straight,16740.8
24.672,353,417,957.7,bottom_straight,16830.8
24.766,264,414,947.3,bottom_straight,16919.9
24.86,174,411,958.0,left_curve,17009.9
24.969,102,383,708.7,left_curve,17087.2
25.063,69,330,664.2,left_curve,17149.6
25.172,69,271,541.3,left_curve,17208.6
25.266,98,222,605.7,left_curve,17265.6
25.375,146,198,492.3,left_curve,17319.2
25.469,200,198,574.5,left_curve,17373.2
25.563,247,229,599.0,s_curve,17429.5
25.688,284,274,466.1,s_curve,17487.8
25.797,335,311,578.1,s_curve,17550.8
25.891,396,316,651.1,s_curve,17612.0
25.985,455,316,627.7,s_curve,17671.0
26.078,506,285,641.7,s_curve,17730.7
26.203,546,238,493.7,top_straight,17792.4
26.297,599,205,664.2,top_straight,17854.8
26.375,660,199,785.8,top_straight,17916.1
26.485,727,199,609.1,top_straight,17983.1
26.594,800,199,669.7,top_straight,18056.1
26.688,872,197,766.3,top_straight,18128.2
26.781,944,184,786.7,top_straight,18201.3
26.891,1015,170,657.9,top_straight,18273.7
26.985,1090,170,797.9,right_curve,18348.7
27.063,1162,176,926.3,right_curve,18420.9
27.172,1217,218,634.9,right_curve,18490.1
27.281,1245,276,590.9,right_curve,18554.6
27.375,1245,346,744.7,right_curve,18624.6
27.469,1215,410,751.9,right_curve,18695.2
27.578,1167,448,561.7,right_curve,18756.5
27.688,1107,469,577.9,right_curve,18820.0
27.781,1043,472,688.9,bottom_straight,18884.1
27.875,970,472,776.6,bottom_straight,18957.1
28.0,899,469,568.5,bottom_straight,19028.2
28.078,819,468,1025.7,bottom_straight,19108.2
28.188,734,468,772.7,bottom_straight,19193.2
28.281,644,468,967.7,bottom_straight,19283.2
28.391,554,466,818.4,start_finish,19373.2
28.485,461,464,989.6,bottom_straight,19466.2
28.578,369,461,989.8,bottom_straight,19558.3
28.672,278,458,968.6,bottom_straight,19649.3
28.781,186,456,844.2,left_curve,19741.3
28.891,104,436,767.3,left_curve,19825.7
28.985,48,388,784.6,left_curve,19899.5
29.078,23,323,748.8,left_curve,19969.1
29.188,23,261,563.6,left_curve,20031.1
29.297,55,202,615.8,left_curve,20098.3
29.375,101,162,781.5,left_curve,20159.2
29.469,162,158,650.3,left_curve,20220.3
29.625,223,158,391.0,s_curve,20281.3
29.688,277,195,1039.0,s_curve,20346.8
29.797,318,245,593.2,s_curve,20411.5
29.906,374,277,591.7,s_curve,20476.0
29.985,432,277,734.2,s_curve,20534.0
30.078,479,277,505.4,s_curve,20581.0
